"X","baseMean","log2FoldChange","lfcSE","stat","pvalue","padj"
"hsa-miR-1303",6.25478677795652,4.23751531501302,1.27769301385825,3.31653634249512,0.000911407327751124,0.0464817737153073
"hsa-miR-143-3p",1189.33654311673,-1.97928252122594,0.494818636278532,-4.00001611926316,6.33381693160736e-05,0.0113058632229191
"hsa-miR-363-3p",207.236856835839,1.09459703500388,0.31448808079662,3.48056763306002,0.000500352480765536,0.0446564589083241
"hsa-miR-382-5p",260.156548781022,-1.51979996713723,0.334404372998958,-4.5447969280652,5.49882417261202e-06,0.00196308022962249
"hsa-miR-423-3p",540.687068576376,0.826961902575768,0.234836353810856,3.52143903256916,0.000429211352274285,0.0446564589083241
"hsa-miR-425-5p",1415.76468350063,0.906090567830673,0.272565074454072,3.32430913845255,0.000886378819253648,0.0464817737153073
"hsa-miR-500a-3p",42.1818766054616,1.31356117340742,0.390975585047727,3.35970127967729,0.000780267899350657,0.0464817737153073
